pclass,survived,name,sex,age,sibsp,parch,ticket,fare,embarked
0,1,21,0,29.0,0,0,186,211.3375,2
0,1,23,1,0.92,1,2,48,151.55,2
0,0,24,0,2.0,1,2,48,151.55,2
0,0,25,1,30.0,1,2,48,151.55,2
0,0,26,0,25.0,1,2,48,151.55,2
0,1,30,1,48.0,0,0,123,26.55,2
0,1,45,0,63.0,1,0,91,77.9583,2
0,0,46,1,39.0,0,0,15,0.0,2
0,1,50,0,53.0,2,0,75,51.4792,2
0,0,54,1,71.0,0,0,823,49.5042,0
0,0,68,1,47.0,1,0,831,227.525,0
0,1,69,0,18.0,1,0,831,227.525,0
0,1,72,0,24.0,0,0,793,69.3,0
0,1,92,0,26.0,0,0,117,78.85,2
0,1,93,1,80.0,0,0,295,30.0,2
0,0,97,1,28.0,0,0,788,25.925,2
0,0,98,1,24.0,0,1,798,247.5208,0
0,1,99,0,50.0,0,1,798,247.5208,0
0,1,100,0,32.0,0,0,80,76.2917,0
0,0,103,1,36.0,0,0,87,75.2417,0
0,1,110,1,37.0,1,1,69,52.5542,2
0,1,111,0,47.0,1,1,69,52.5542,2
0,1,113,1,26.0,0,0,11,30.0,0
0,1,120,0,42.0,0,0,831,227.525,0
0,1,122,0,29.0,0,0,795,221.7792,2
0,0,124,1,25.0,0,0,98,26.0,0
0,1,125,1,25.0,1,0,81,91.0792,0
0,1,126,0,19.0,1,0,81,91.0792,0
0,1,127,0,35.0,0,0,834,135.6333,2
0,1,129,1,28.0,0,0,5,26.55,2
0,0,130,1,45.0,0,0,50,35.5,2
0,1,131,1,40.0,0,0,21,31.0,0
0,1,132,0,30.0,0,0,625,164.8667,2
0,1,133,0,58.0,0,0,49,26.55,2
0,0,134,1,42.0,0,0,4,26.55,2
0,1,144,0,45.0,0,0,822,262.375,0
0,1,147,0,22.0,0,1,38,55.0,2
0,1,150,1,28.0,0,0,13,26.55,2
0,0,151,1,41.0,0,0,32,30.5,2
0,0,153,1,48.0,0,0,806,50.4958,0
0,0,156,1,28.0,0,0,24,39.6,0
0,1,162,0,44.0,0,0,824,27.7208,0
0,1,163,0,59.0,2,0,75,51.4792,2
0,1,169,0,60.0,0,0,80,76.2917,0
0,1,171,0,41.0,0,0,104,134.5,0
0,0,175,1,45.0,0,0,30,26.55,2
0,0,182,1,28.0,0,0,61,31.0,2
0,1,183,1,42.0,0,0,792,26.2875,2
0,1,193,0,53.0,0,0,820,27.4458,0
0,1,198,1,36.0,0,1,829,512.3292,0
0,1,199,0,58.0,0,1,829,512.3292,0
0,0,202,1,33.0,0,0,686,5.0,2
0,0,205,1,28.0,0,0,35,47.1,2
0,0,206,1,17.0,0,0,35,47.1,2
0,1,207,1,11.0,1,2,42,120.0,2
0,1,208,0,14.0,1,2,42,120.0,2
0,1,209,1,36.0,1,2,42,120.0,2
0,1,211,0,36.0,1,2,42,120.0,2
0,0,214,1,49.0,0,0,118,26.0,2
0,1,215,0,28.0,0,0,116,27.7208,0
0,0,216,1,36.0,1,0,117,78.85,2
0,1,217,0,76.0,1,0,117,78.85,2
0,0,219,1,46.0,1,0,924,61.175,2
0,1,220,0,47.0,1,0,924,61.175,2
0,1,221,1,27.0,1,0,66,53.1,2
0,1,222,0,33.0,1,0,66,53.1,2
0,1,227,0,36.0,0,0,822,262.375,0
0,1,228,0,30.0,0,0,0,86.5,2
0,1,229,1,45.0,0,0,809,29.7,0
0,1,230,0,28.0,0,1,38,55.0,2
0,0,232,1,28.0,0,0,16,0.0,2
0,0,238,1,27.0,1,0,93,136.7792,0
0,1,239,0,26.0,1,0,93,136.7792,0
0,1,242,0,22.0,0,0,48,151.55,2
0,0,243,1,28.0,0,0,2,52.0,2
0,0,252,1,47.0,0,0,677,25.5875,2
0,1,256,0,39.0,1,1,830,83.1583,0
0,0,257,1,37.0,1,1,830,83.1583,0
0,1,258,0,64.0,0,2,830,83.1583,0
0,1,271,0,55.0,2,0,76,25.7,2
0,0,277,1,28.0,0,0,56,26.55,2
0,0,281,1,70.0,1,1,926,71.0,2
0,1,282,0,36.0,0,2,926,71.0,2
0,1,283,0,64.0,1,1,25,26.55,2
0,0,285,1,39.0,1,0,814,71.2833,0
0,1,286,0,38.0,1,0,814,71.2833,0
0,1,294,1,51.0,0,0,33,26.55,2
0,1,298,1,27.0,0,0,65,30.5,2
0,1,299,0,33.0,0,0,48,151.55,2
0,0,302,1,31.0,1,0,777,52.0,2
0,1,303,0,27.0,1,2,777,52.0,2
0,1,327,1,31.0,1,0,112,57.0,2
0,1,328,0,17.0,1,0,112,57.0,2
0,1,332,1,53.0,1,1,397,81.8583,2
0,1,333,1,4.0,0,2,397,81.8583,2
0,1,334,0,54.0,1,1,397,81.8583,2
0,0,340,1,50.0,1,0,835,106.425,0
0,1,341,0,27.0,1,1,798,247.5208,0
0,1,342,0,48.0,1,0,835,106.425,0
0,1,352,0,48.0,1,0,72,39.6,0
0,1,353,1,49.0,1,0,796,56.9292,0
0,0,354,1,39.0,0,0,802,29.7,0
0,1,360,0,23.0,0,1,74,83.1583,0
0,1,373,0,38.0,0,0,831,227.525,0
0,1,374,0,54.0,1,0,626,78.2667,0
0,0,375,0,36.0,0,0,797,31.6792,0
0,0,379,1,28.0,0,0,795,221.7792,2
0,1,385,0,28.0,0,0,813,31.6833,2
0,1,387,0,28.0,0,0,106,110.8833,0
0,1,390,1,36.0,0,0,790,26.3875,2
0,0,400,1,30.0,0,0,31,27.75,0
0,1,401,0,24.0,3,2,122,263.0,2
0,1,402,0,28.0,3,2,122,263.0,2
0,1,403,0,23.0,3,2,122,263.0,2
0,0,404,1,19.0,3,2,122,263.0,2
0,0,405,1,64.0,1,4,122,263.0,2
0,1,406,0,60.0,1,4,122,263.0,2
0,1,409,0,30.0,0,0,796,56.9292,0
0,0,411,1,28.0,0,0,46,26.55,2
0,1,412,1,50.0,2,0,825,133.65,2
0,1,413,1,43.0,1,0,115,27.7208,0
0,1,414,0,28.0,1,0,825,133.65,2
0,1,415,0,22.0,0,2,96,49.5,0
0,1,416,1,60.0,1,1,95,79.2,0
0,1,417,0,48.0,1,1,95,79.2,0
0,0,419,1,28.0,0,0,19,0.0,2
0,0,421,1,37.0,1,0,64,53.1,2
0,1,422,0,35.0,1,0,64,53.1,2
0,0,431,1,47.0,0,0,9,38.5,2
0,1,432,0,35.0,0,0,37,211.5,0
0,1,434,0,22.0,0,1,23,59.4,0
0,1,435,0,45.0,0,1,23,59.4,0
0,0,436,1,24.0,0,0,808,79.2,0
0,1,447,1,49.0,1,0,107,89.1042,0
0,1,448,0,28.0,1,0,107,89.1042,0
0,0,449,1,71.0,0,0,828,34.6542,0
0,1,463,1,53.0,0,0,47,28.5,0
0,1,464,0,19.0,0,0,18,30.0,2
0,0,465,1,38.0,0,1,803,153.4625,2
0,1,466,0,58.0,0,1,803,153.4625,2
0,1,469,1,23.0,0,1,833,63.3583,0
0,1,470,0,45.0,0,1,833,63.3583,0
0,0,473,1,46.0,0,0,808,79.2,0
0,1,494,1,25.0,1,0,73,55.4417,0
0,1,495,0,25.0,1,0,73,55.4417,0
0,1,499,1,48.0,1,0,801,76.7292,0
0,1,500,0,49.0,1,0,801,76.7292,0
0,0,502,1,28.0,0,0,60,42.4,2
0,0,504,1,45.0,1,0,629,83.475,2
0,1,506,0,35.0,1,0,629,83.475,2
0,0,507,1,40.0,0,0,20,0.0,2
0,1,512,1,27.0,0,0,801,76.7292,0
0,1,514,1,28.0,0,0,105,30.0,2
0,1,515,0,24.0,0,0,74,83.1583,0
0,0,516,1,55.0,1,1,85,93.5,2
0,1,517,0,52.0,1,1,85,93.5,2
0,0,518,1,42.0,0,0,27,42.5,2
0,0,537,1,28.0,0,0,108,51.8625,2
0,0,539,1,55.0,0,0,683,50.0,2
0,1,540,0,16.0,0,1,10,57.9792,0
0,1,541,0,44.0,0,1,10,57.9792,0
0,1,549,0,51.0,1,0,91,77.9583,2
0,0,554,1,42.0,1,0,54,52.0,2
0,1,555,0,35.0,1,0,54,52.0,2
0,1,556,1,35.0,0,0,12,26.55,0
0,1,564,1,38.0,1,0,120,90.0,2
0,0,565,1,28.0,0,0,815,30.6958,0
0,1,566,0,35.0,1,0,120,90.0,2
0,0,575,0,50.0,0,0,810,28.7125,0
0,1,576,1,49.0,0,0,19,0.0,2
0,0,609,1,46.0,0,0,685,26.0,2
0,0,613,1,50.0,0,0,29,26.0,2
0,0,634,1,32.5,0,0,37,211.5,0
0,0,640,1,58.0,0,0,77,29.7,0
0,0,641,1,41.0,1,0,109,51.8625,2
0,1,642,0,28.0,1,0,109,51.8625,2
0,1,648,1,42.0,1,0,71,52.5542,2
0,1,649,0,45.0,1,0,71,52.5542,2
0,0,656,1,28.0,0,0,26,26.55,2
0,1,663,0,39.0,0,0,186,211.3375,2
0,1,684,0,49.0,0,0,110,25.9292,2
0,1,683,0,30.0,0,0,835,106.425,0
0,1,700,1,35.0,0,0,829,512.3292,0
0,0,702,1,28.0,0,0,826,27.7208,0
0,0,707,1,42.0,0,0,113,26.55,2
0,1,711,0,55.0,0,0,22,27.7208,0
0,1,713,0,16.0,0,1,807,39.4,2
0,1,714,0,51.0,0,1,807,39.4,2
0,0,721,1,29.0,0,0,36,30.0,2
0,1,722,0,21.0,0,0,91,77.9583,2
0,0,723,1,30.0,0,0,63,45.5,2
0,1,731,0,58.0,0,0,800,146.5208,0
0,1,736,0,15.0,0,1,186,211.3375,2
0,0,739,1,30.0,0,0,3,26.0,2
0,1,742,0,16.0,0,0,0,86.5,2
0,1,754,1,28.0,0,0,78,29.7,0
0,0,757,1,19.0,1,0,44,53.1,2
0,1,758,0,18.0,1,0,44,53.1,2
0,1,763,0,24.0,0,0,794,49.5042,0
0,0,764,1,46.0,0,0,87,75.2417,0
0,0,766,1,54.0,0,0,108,51.8625,2
0,1,775,1,36.0,0,0,789,26.2875,2
0,0,792,1,28.0,1,0,818,82.1708,0
0,1,793,0,28.0,1,0,818,82.1708,0
0,0,796,1,65.0,0,0,94,26.55,2
0,0,798,1,44.0,2,0,119,90.0,1
0,1,799,0,33.0,1,0,119,90.0,1
0,1,800,0,37.0,1,0,119,90.0,1
0,1,806,1,30.0,1,0,90,57.75,0
0,0,809,1,55.0,0,0,52,30.5,2
0,0,813,1,47.0,0,0,60,42.4,2
0,0,847,1,37.0,0,1,811,29.7,0
0,1,854,0,31.0,1,0,572,113.275,0
0,1,855,0,23.0,1,0,572,113.275,0
0,0,856,1,58.0,0,2,572,113.275,0
0,1,857,0,19.0,0,2,70,26.2833,2
0,0,859,1,64.0,0,0,684,26.0,2
0,1,890,0,39.0,0,0,832,108.9,0
0,1,899,1,28.0,0,0,778,25.7417,0
0,1,905,0,22.0,0,1,39,61.9792,0
0,0,906,1,65.0,0,1,39,61.9792,0
0,0,908,1,28.5,0,0,799,27.7208,0
0,0,926,1,28.0,0,0,17,0.0,2
0,0,928,1,45.5,0,0,28,28.5,2
0,0,933,1,23.0,0,0,85,93.5,2
0,0,938,1,29.0,1,0,45,66.6,2
0,1,939,0,22.0,1,0,45,66.6,2
0,0,944,1,18.0,1,0,832,108.9,0
0,1,945,0,17.0,1,0,832,108.9,0
0,1,949,0,30.0,0,0,85,93.5,2
0,1,962,1,52.0,0,0,51,30.5,2
0,0,973,1,47.0,0,0,2,52.0,2
0,1,974,0,56.0,0,1,74,83.1583,0
0,0,987,1,38.0,0,0,124,0.0,2
0,1,990,1,28.0,0,0,821,39.6,2
0,0,1003,1,22.0,0,0,834,135.6333,0
0,0,1008,1,28.0,0,0,831,227.525,0
0,1,1009,0,43.0,0,1,186,211.3375,2
0,0,1012,1,31.0,0,0,805,50.4958,2
0,1,1015,1,45.0,0,0,14,26.55,2
0,0,1017,1,28.0,0,0,43,50.0,2
0,1,1021,0,33.0,0,0,827,27.7208,0
0,0,1022,1,46.0,0,0,804,79.2,0
0,0,1023,1,36.0,0,0,86,40.125,0
0,1,1025,0,33.0,0,0,0,86.5,2
0,0,1026,1,55.0,1,0,817,59.4,0
0,1,1027,0,54.0,1,0,817,59.4,0
0,0,1029,1,33.0,0,0,55,26.55,2
0,1,1034,1,13.0,2,2,822,262.375,0
0,1,1035,0,18.0,2,2,822,262.375,0
0,1,1036,0,21.0,2,2,822,262.375,0
0,0,1037,1,61.0,1,3,822,262.375,0
0,1,1038,0,48.0,1,3,822,262.375,0
0,1,1042,1,28.0,0,0,125,30.5,2
0,1,1057,0,24.0,0,0,793,69.3,0
0,1,1060,1,28.0,0,0,7,26.0,2
0,1,1072,0,35.0,1,0,90,57.75,0
0,1,1076,0,30.0,0,0,61,31.0,0
0,1,1077,1,34.0,0,0,58,26.55,2
0,1,1085,0,40.0,0,0,803,153.4625,2
0,1,1087,1,35.0,0,0,791,26.2875,2
0,0,1088,1,50.0,1,0,92,55.9,2
0,1,1089,0,39.0,1,0,92,55.9,2
0,1,1091,1,56.0,0,0,88,35.5,0
0,1,1110,1,28.0,0,0,53,35.5,2
0,0,1111,1,56.0,0,0,57,26.55,2
0,0,1114,1,56.0,0,0,114,30.6958,0
0,0,1115,1,24.0,1,0,97,60.0,2
0,0,1116,1,28.0,0,0,34,26.0,2
0,1,1118,0,18.0,1,0,97,60.0,2
0,1,1120,1,24.0,1,0,130,82.2667,2
0,1,1121,0,23.0,1,0,130,82.2667,2
0,1,1126,1,6.0,0,2,104,134.5,0
0,1,1127,1,45.0,1,1,104,134.5,0
0,1,1128,0,40.0,1,1,104,134.5,0
0,0,1129,1,57.0,1,0,800,146.5208,0
0,1,1130,0,28.0,1,0,800,146.5208,0
0,1,1132,1,32.0,0,0,89,30.5,0
0,0,1138,1,62.0,0,0,41,26.55,2
0,1,1139,1,54.0,1,0,79,55.4417,0
0,1,1140,0,43.0,1,0,79,55.4417,0
0,1,1141,0,52.0,1,0,626,78.2667,0
0,0,1142,1,28.0,0,0,819,27.7208,0
0,0,1147,1,67.0,1,0,795,221.7792,2
0,0,1148,0,63.0,1,0,795,221.7792,2
0,0,1155,1,61.0,0,0,627,32.3208,2
0,1,1161,0,48.0,0,0,111,25.9292,2
0,1,1162,0,18.0,0,2,1,79.65,2
0,0,1163,1,52.0,1,1,1,79.65,2
0,1,1164,0,39.0,1,1,1,79.65,2
0,1,1165,1,48.0,1,0,126,52.0,2
0,1,1166,0,28.0,1,0,126,52.0,2
0,0,1168,1,49.0,1,1,106,110.8833,0
0,1,1169,1,17.0,0,2,106,110.8833,0
0,1,1170,0,39.0,1,1,106,110.8833,0
0,1,1178,0,28.0,0,0,804,79.2,0
0,1,1196,1,31.0,0,0,226,28.5375,0
0,0,1202,1,40.0,0,0,816,27.7208,0
0,0,1206,1,61.0,0,0,8,33.5,2
0,0,1222,1,47.0,0,0,628,34.0208,2
0,1,1223,0,35.0,0,0,829,512.3292,0
0,0,1229,1,64.0,1,0,6,75.25,0
0,1,1230,0,60.0,1,0,6,75.25,0
0,0,1236,1,60.0,0,0,62,26.55,2
0,0,1250,1,54.0,0,1,573,77.2875,2
0,0,1251,1,21.0,0,1,573,77.2875,2
0,1,1252,0,55.0,0,0,834,135.6333,0
0,1,1253,0,31.0,0,2,625,164.8667,2
0,0,1254,1,57.0,1,1,625,164.8667,2
0,1,1255,0,45.0,1,1,625,164.8667,2
0,0,1257,1,50.0,1,1,37,211.5,0
0,0,1258,1,27.0,0,2,37,211.5,0
0,1,1259,0,50.0,1,1,37,211.5,0
0,1,1264,0,21.0,0,0,59,26.55,2
0,0,1267,1,51.0,0,1,812,61.3792,0
0,1,1271,1,21.0,0,1,812,61.3792,0
0,0,1272,1,28.0,0,0,40,35.0,2
0,1,1273,0,31.0,0,0,104,134.5,0
0,1,1278,1,28.0,0,0,121,35.5,2
0,0,1280,1,62.0,0,0,67,26.55,2
0,1,1283,0,36.0,0,0,834,135.6333,0
1,0,6,1,30.0,1,0,787,24.0,0
1,1,7,0,28.0,1,0,787,24.0,0
1,0,16,1,30.0,0,0,212,13.0,2
1,0,43,1,18.0,0,0,149,11.5,2
1,0,44,1,25.0,0,0,763,10.5,2
1,0,48,1,34.0,1,0,141,26.0,2
1,1,49,0,36.0,1,0,141,26.0,2
1,0,55,1,57.0,0,0,194,13.0,2
1,0,84,1,18.0,0,0,322,11.5,2
1,0,85,1,23.0,0,0,758,10.5,2
1,1,87,0,36.0,0,0,311,13.0,2
1,0,88,1,28.0,0,0,772,10.5,2
1,0,96,1,51.0,0,0,846,12.525,2
1,1,101,1,32.0,1,0,316,26.0,2
1,1,102,0,19.0,1,0,316,26.0,2
1,0,104,1,28.0,0,0,195,26.0,2
1,1,106,1,1.0,2,1,145,39.0,2
1,1,107,0,4.0,2,1,145,39.0,2
1,1,108,0,12.0,2,1,145,39.0,2
1,1,109,0,36.0,0,3,145,39.0,2
1,1,112,1,34.0,0,0,202,13.0,2
1,1,115,0,19.0,0,0,308,13.0,2
1,0,117,1,23.0,0,0,310,13.0,2
1,0,136,1,26.0,0,0,169,13.0,2
1,0,146,1,42.0,0,0,128,13.0,2
1,0,148,1,27.0,0,0,135,13.0,2
1,1,159,0,24.0,0,0,208,13.0,2
1,1,160,0,15.0,0,2,324,39.0,2
1,0,161,1,60.0,1,1,324,39.0,2
1,1,164,0,40.0,1,1,324,39.0,2
1,1,165,0,20.0,1,0,161,26.0,2
1,0,166,1,25.0,1,0,161,26.0,2
1,1,173,0,36.0,0,0,297,13.0,2
1,0,174,1,25.0,0,0,156,13.0,2
1,0,176,1,42.0,0,0,193,13.0,2
1,1,177,0,42.0,0,0,160,13.0,2
1,1,184,1,0.83,0,2,210,29.0,2
1,1,185,1,26.0,1,1,210,29.0,2
1,1,186,0,22.0,1,1,210,29.0,2
1,1,189,0,35.0,0,0,779,21.0,2
1,0,190,1,28.0,0,0,177,0.0,2
1,0,197,1,19.0,0,0,309,13.0,2
1,0,210,0,44.0,1,0,190,26.0,2
1,0,212,1,54.0,1,0,190,26.0,2
1,0,223,1,52.0,0,0,207,13.5,2
1,0,224,1,37.0,1,0,853,26.0,2
1,0,225,0,29.0,1,0,853,26.0,2
1,1,234,0,25.0,1,1,174,30.0,2
1,1,235,0,45.0,0,2,174,30.0,2
1,0,240,1,29.0,1,0,127,26.0,2
1,1,241,0,28.0,1,0,127,26.0,2
1,0,249,1,29.0,0,0,919,10.5,2
1,0,250,1,28.0,0,0,211,13.0,2
1,1,251,1,24.0,0,0,299,10.5,2
1,1,253,0,8.0,0,2,759,26.25,2
1,0,254,1,31.0,1,1,759,26.25,2
1,1,255,0,31.0,1,1,759,26.25,2
1,1,264,0,22.0,0,0,920,10.5,2
1,0,268,0,30.0,0,0,164,13.0,2
1,0,269,0,28.0,0,0,782,21.0,2
1,0,272,1,21.0,0,0,321,11.5,2
1,0,287,1,28.0,0,0,177,0.0,2
1,1,304,1,8.0,1,1,761,36.75,2
1,0,306,1,18.0,0,0,845,73.5,2
1,1,310,0,48.0,0,2,761,36.75,2
1,1,311,0,28.0,0,0,168,13.0,2
1,0,1293,1,32.0,0,0,196,13.0,2
1,0,314,1,17.0,0,0,845,73.5,2
1,0,1298,1,29.0,1,0,864,27.7208,0
1,1,1299,0,24.0,1,0,864,27.7208,0
1,0,321,1,25.0,0,0,757,31.5,2
1,0,326,1,18.0,0,0,845,73.5,2
1,1,336,0,18.0,0,1,148,23.0,2
1,1,337,0,34.0,0,1,148,23.0,2
1,0,344,1,54.0,0,0,307,26.0,2
1,1,348,1,8.0,0,2,304,32.5,2
1,0,349,1,42.0,1,1,304,32.5,2
1,1,350,0,34.0,1,1,304,32.5,2
1,1,356,0,27.0,1,0,861,13.8583,0
1,1,357,0,30.0,1,0,860,13.8583,0
1,0,362,1,23.0,0,0,325,13.0,2
1,0,372,1,21.0,0,0,162,13.0,2
1,0,377,1,18.0,0,0,159,13.0,2
1,0,380,1,40.0,1,0,323,26.0,2
1,1,381,0,29.0,1,0,323,26.0,2
1,0,382,1,18.0,0,0,745,10.5,2
1,0,408,1,36.0,0,0,143,13.0,2
1,0,418,1,28.0,0,0,178,0.0,2
1,0,420,0,38.0,0,0,170,13.0,2
1,0,423,1,35.0,0,0,181,26.0,2
1,0,424,1,38.0,1,0,312,21.0,2
1,0,425,1,34.0,1,0,312,21.0,2
1,1,428,0,34.0,0,0,189,13.0,2
1,0,429,1,16.0,0,0,181,26.0,2
1,0,430,1,26.0,0,0,339,10.5,2
1,0,437,1,47.0,0,0,755,10.5,2
1,0,438,1,21.0,1,0,300,11.5,2
1,0,439,1,21.0,1,0,301,11.5,2
1,0,440,1,24.0,0,0,205,13.5,2
1,0,442,1,24.0,0,0,153,13.0,2
1,0,443,1,34.0,0,0,83,13.0,2
1,0,445,1,30.0,0,0,217,13.0,2
1,0,468,1,52.0,0,0,218,13.0,2
1,0,484,1,30.0,0,0,224,13.0,2
1,1,485,1,0.67,1,1,220,14.5,2
1,1,486,0,24.0,0,2,220,14.5,2
1,0,493,1,44.0,0,0,213,13.0,2
1,1,498,0,6.0,0,1,206,33.0,2
1,0,501,1,28.0,0,1,206,33.0,2
1,1,503,1,62.0,0,0,848,10.5,2
1,0,505,1,30.0,0,0,925,10.5,2
1,1,508,0,7.0,0,2,780,26.25,2
1,0,509,1,43.0,1,1,780,26.25,2
1,1,511,0,45.0,1,1,780,26.25,2
1,1,529,0,24.0,1,2,137,65.0,2
1,1,530,0,24.0,1,2,137,65.0,2
1,0,531,1,49.0,1,2,137,65.0,2
1,1,532,0,48.0,1,2,137,65.0,2
1,1,533,0,55.0,0,0,203,16.0,2
1,0,534,1,24.0,2,0,845,73.5,2
1,0,535,1,32.0,2,0,845,73.5,2
1,0,536,1,21.0,2,0,845,73.5,2
1,0,538,0,18.0,1,1,221,13.0,2
1,1,544,0,20.0,2,1,319,23.0,2
1,0,545,1,23.0,2,1,318,11.5,2
1,0,546,1,36.0,0,0,187,13.0,2
1,1,547,0,54.0,1,3,319,23.0,2
1,0,548,1,50.0,0,0,215,13.0,2
1,0,550,1,44.0,1,0,264,26.0,2
1,1,551,0,29.0,1,0,264,26.0,2
1,0,558,1,21.0,0,0,845,73.5,2
1,1,560,1,42.0,0,0,175,13.0,2
1,0,562,1,63.0,1,0,184,26.0,2
1,0,563,0,60.0,1,0,184,26.0,2
1,0,568,1,33.0,0,0,868,12.275,2
1,1,571,0,17.0,0,0,869,10.5,2
1,0,578,1,42.0,1,0,188,27.0,2
1,1,579,0,24.0,2,1,188,27.0,2
1,0,583,1,47.0,0,0,167,15.0,2
1,0,584,1,24.0,2,0,757,31.5,2
1,0,585,1,22.0,2,0,757,31.5,2
1,0,586,1,32.0,0,0,760,10.5,2
1,1,591,0,23.0,0,0,855,13.7917,0
1,0,619,1,34.0,1,0,198,26.0,2
1,1,620,0,24.0,1,0,198,26.0,2
1,0,625,0,22.0,0,0,782,21.0,2
1,1,630,0,28.0,0,0,140,12.35,1
1,0,632,1,35.0,0,0,152,12.35,1
1,1,638,0,45.0,0,0,139,13.5,2
1,0,655,1,57.0,0,0,134,12.35,1
1,0,660,1,28.0,0,0,179,0.0,2
1,0,664,1,31.0,0,0,747,10.5,2
1,0,666,0,26.0,1,1,222,26.0,2
1,0,667,1,30.0,1,1,222,26.0,2
1,0,672,1,28.0,0,0,182,10.7083,1
1,1,676,0,1.0,1,2,866,41.5792,0
1,1,677,0,3.0,1,2,866,41.5792,0
1,0,678,1,25.0,1,2,866,41.5792,0
1,1,679,0,22.0,1,2,866,41.5792,0
1,1,691,0,17.0,0,0,850,12.0,0
1,1,693,0,28.0,0,0,206,33.0,2
1,1,695,0,34.0,0,0,764,10.5,2
1,0,701,1,36.0,0,0,867,12.875,0
1,0,703,1,24.0,0,0,754,10.5,2
1,0,716,1,61.0,0,0,158,12.35,1
1,0,724,1,50.0,1,0,854,26.0,2
1,1,725,0,42.0,1,0,854,26.0,2
1,0,734,0,57.0,0,0,842,10.5,2
1,0,745,1,28.0,0,0,172,15.0458,0
1,1,746,1,1.0,0,2,839,37.0042,0
1,0,747,1,31.0,1,1,839,37.0042,0
1,1,748,0,24.0,1,1,839,37.0042,0
1,0,751,1,28.0,0,0,851,15.5792,0
1,0,761,1,30.0,0,0,306,13.0,2
1,0,762,1,40.0,0,0,176,16.0,2
1,0,771,1,32.0,0,0,163,13.5,2
1,0,772,1,30.0,0,0,150,13.0,2
1,0,779,1,46.0,0,0,307,26.0,2
1,1,786,0,13.0,0,1,216,19.5,2
1,1,787,0,41.0,0,1,216,19.5,2
1,1,788,1,19.0,0,0,916,10.5,2
1,0,791,1,39.0,0,0,204,13.0,2
1,0,797,1,48.0,0,0,154,13.0,2
1,0,804,1,70.0,0,0,750,10.5,2
1,0,810,1,27.0,0,0,129,13.0,2
1,0,818,1,54.0,0,0,315,14.0,2
1,0,819,1,39.0,0,0,225,26.0,2
1,0,828,1,16.0,0,0,842,10.5,2
1,0,836,1,62.0,0,0,183,9.6875,1
1,0,845,1,32.5,1,0,173,30.0708,0
1,1,846,0,14.0,1,0,173,30.0708,0
1,1,849,1,2.0,1,1,144,26.0,2
1,1,850,1,3.0,1,1,144,26.0,2
1,0,851,1,36.5,0,2,144,26.0,2
1,0,853,1,26.0,0,0,199,13.0,2
1,0,858,1,19.0,1,1,761,36.75,2
1,0,869,1,28.0,0,0,133,13.5,2
1,1,871,1,20.0,0,0,863,13.8625,0
1,1,873,0,29.0,0,0,753,10.5,2
1,0,907,1,39.0,0,0,303,13.0,2
1,1,909,1,22.0,0,0,918,10.5,2
1,1,910,1,28.0,0,0,858,13.8625,0
1,0,911,1,23.0,0,0,192,10.5,2
1,1,912,1,29.0,0,0,859,13.8583,0
1,0,924,1,28.0,0,0,849,10.5,2
1,0,925,1,28.0,0,0,177,0.0,2
1,1,927,0,50.0,0,1,146,26.0,2
1,0,946,1,19.0,0,0,313,10.5,2
1,0,948,1,28.0,0,0,856,15.05,0
1,0,951,1,41.0,0,0,165,13.0,2
1,1,963,0,21.0,0,1,840,21.0,2
1,1,964,0,19.0,0,0,225,26.0,2
1,0,965,1,43.0,0,1,840,21.0,2
1,1,967,0,32.0,0,0,155,13.0,2
1,0,971,1,34.0,0,0,218,13.0,2
1,1,972,1,30.0,0,0,765,12.7375,0
1,0,975,1,27.0,0,0,865,15.0333,0
1,1,976,0,2.0,1,1,238,26.0,2
1,1,977,0,8.0,1,1,238,26.0,2
1,1,978,0,33.0,0,2,238,26.0,2
1,0,983,1,36.0,0,0,746,10.5,2
1,0,985,1,34.0,1,0,338,21.0,2
1,1,986,0,30.0,3,0,338,21.0,2
1,1,988,0,28.0,0,0,147,13.0,2
1,0,997,1,23.0,0,0,857,15.0458,0
1,1,998,1,0.83,1,1,320,18.75,2
1,1,999,1,3.0,1,1,320,18.75,2
1,1,1000,0,24.0,2,3,320,18.75,2
1,1,1001,0,50.0,0,0,917,10.5,2
1,0,1013,1,19.0,0,0,298,10.5,2
1,1,1030,0,21.0,0,0,756,10.5,2
1,0,1073,1,26.0,0,0,201,13.0,2
1,0,1075,1,25.0,0,0,197,13.0,2
1,0,1078,1,27.0,0,0,195,26.0,2
1,1,1082,0,25.0,0,1,146,26.0,2
1,1,1086,0,18.0,0,2,223,13.0,2
1,1,1092,0,20.0,0,0,761,36.75,2
1,1,1093,0,30.0,0,0,219,13.0,2
1,0,1099,1,59.0,0,0,166,13.5,2
1,1,1107,0,30.0,0,0,157,12.35,1
1,0,1108,1,35.0,0,0,302,10.5,2
1,1,1113,0,40.0,0,0,343,13.0,2
1,0,1122,1,25.0,0,0,752,13.0,2
1,0,1137,1,41.0,0,0,171,15.0458,0
1,0,1143,1,25.0,0,0,783,10.5,2
1,0,1159,1,18.5,0,0,209,13.0,2
1,0,1160,1,14.0,0,0,137,65.0,2
1,1,1185,0,50.0,0,0,781,10.5,2
1,0,1193,1,23.0,0,0,151,13.0,2
1,1,1194,0,28.0,0,0,185,12.65,2
1,1,1195,0,27.0,0,0,402,10.5,2
1,0,1200,1,29.0,1,0,68,21.0,2
1,0,1201,0,27.0,1,0,68,21.0,2
1,0,1216,1,40.0,0,0,305,13.0,2
1,1,1221,0,31.0,0,0,779,21.0,2
1,0,1225,1,30.0,1,0,774,21.0,2
1,0,1226,1,23.0,1,0,314,10.5,2
1,1,1227,0,31.0,0,0,774,21.0,2
1,0,1231,1,28.0,0,0,180,0.0,2
1,1,1232,0,12.0,0,0,762,15.75,2
1,1,1233,0,40.0,0,0,762,15.75,2
1,1,1234,0,32.5,0,0,296,13.0,2
1,0,1237,1,27.0,1,0,142,26.0,2
1,1,1238,0,29.0,1,0,142,26.0,2
1,1,1239,1,2.0,1,1,317,23.0,2
1,1,1240,0,4.0,1,1,317,23.0,2
1,1,1241,0,29.0,0,2,317,23.0,2
1,1,1243,0,0.92,1,2,766,27.75,2
1,1,1244,0,5.0,1,2,766,27.75,2
1,0,1245,1,36.0,1,2,766,27.75,2
1,1,1246,0,33.0,1,2,766,27.75,2
1,0,1248,1,66.0,0,0,749,10.5,2
1,0,1249,1,28.0,0,0,862,12.875,2
1,1,1262,1,31.0,0,0,191,13.0,2
1,1,1268,1,28.0,0,0,200,13.0,2
1,1,1279,0,26.0,0,0,136,13.5,2
1,0,1287,0,24.0,0,0,214,13.0,2
2,0,0,1,42.0,0,0,770,7.55,2
2,0,1,1,13.0,0,2,751,20.25,2
2,0,2,1,16.0,1,1,751,20.25,2
2,1,3,0,35.0,1,1,751,20.25,2
2,1,4,0,16.0,0,0,482,7.65,2
2,1,5,1,25.0,0,0,479,7.65,2
2,1,8,1,20.0,0,0,885,7.925,2
2,1,9,0,18.0,0,0,250,7.2292,0
2,0,10,1,30.0,0,0,743,7.25,2
2,0,11,1,26.0,0,0,401,8.05,2
2,0,12,0,40.0,1,0,693,9.475,2
2,1,13,1,0.83,0,1,664,9.35,2
2,1,14,0,18.0,0,1,664,9.35,2
2,1,15,1,26.0,0,0,293,18.7875,0
2,0,17,1,26.0,0,0,467,7.8875,2
2,0,18,1,20.0,0,0,886,7.925,2
2,0,19,1,24.0,0,0,878,7.05,2
2,0,20,1,25.0,0,0,879,7.05,2
2,0,22,1,35.0,0,0,647,8.05,2
2,0,27,1,18.0,0,0,138,8.3,2
2,0,28,1,32.0,0,0,741,22.525,2
2,1,29,0,19.0,1,0,554,7.8542,2
2,0,31,1,4.0,4,2,458,31.275,2
2,0,32,0,6.0,4,2,458,31.275,2
2,0,33,0,2.0,4,2,458,31.275,2
2,1,34,0,17.0,4,2,333,7.925,2
2,0,35,0,38.0,4,2,466,7.775,2
2,0,36,0,9.0,4,2,458,31.275,2
2,0,37,0,11.0,4,2,458,31.275,2
2,0,38,1,39.0,1,5,458,31.275,2
2,1,39,1,27.0,0,0,552,7.7958,2
2,0,40,1,26.0,0,0,451,7.775,2
2,0,41,0,39.0,1,5,458,31.275,2
2,0,42,1,20.0,0,0,470,7.8542,2
2,0,47,1,26.0,0,0,484,7.8958,2
2,0,51,1,25.0,1,0,519,17.8,2
2,0,52,0,18.0,1,0,519,17.8,2
2,0,53,1,24.0,0,0,542,7.775,2
2,0,56,1,35.0,0,0,877,7.05,2
2,0,57,1,5.0,4,2,453,31.3875,2
2,0,58,1,9.0,4,2,453,31.3875,2
2,1,59,1,3.0,4,2,453,31.3875,2
2,0,60,1,13.0,4,2,453,31.3875,2
2,1,61,0,5.0,4,2,453,31.3875,2
2,0,62,1,40.0,1,5,453,31.3875,2
2,1,63,1,23.0,0,0,560,7.7958,2
2,1,64,0,38.0,1,5,453,31.3875,2
2,1,65,0,45.0,0,0,290,7.225,0
2,0,66,1,21.0,0,0,286,7.225,0
2,0,67,1,23.0,0,0,876,7.05,2
2,0,70,0,17.0,0,0,234,14.4583,0
2,0,71,1,30.0,0,0,288,7.225,0
2,0,73,1,23.0,0,0,472,7.8542,2
2,1,74,0,13.0,0,0,281,7.2292,0
2,0,75,1,20.0,0,0,273,7.225,0
2,0,76,1,32.0,1,0,332,15.85,2
2,1,77,0,33.0,3,0,332,15.85,2
2,1,78,0,0.75,2,1,259,19.2583,0
2,1,79,0,0.75,2,1,259,19.2583,0
2,1,80,0,5.0,2,1,259,19.2583,0
2,1,81,0,24.0,0,3,259,19.2583,0
2,1,82,0,18.0,0,0,710,8.05,2
2,0,83,1,40.0,0,0,230,7.225,0
2,0,86,1,26.0,0,0,530,7.8958,2
2,1,89,1,20.0,0,0,256,7.2292,0
2,0,90,0,18.0,0,1,285,14.4542,0
2,0,91,0,45.0,0,1,285,14.4542,0
2,0,94,0,27.0,0,0,371,7.8792,1
2,0,95,1,22.0,0,0,369,8.05,2
2,0,105,1,19.0,0,0,368,8.05,2
2,0,114,1,26.0,0,0,444,7.775,2
2,0,116,1,22.0,0,0,836,9.35,2
2,0,118,1,28.0,0,0,229,7.2292,0
2,0,119,1,20.0,0,0,241,4.0125,0
2,1,121,1,32.0,0,0,103,56.4958,2
2,0,123,1,21.0,0,0,341,7.775,2
2,0,128,1,18.0,0,0,465,7.75,2
2,0,135,1,26.0,0,0,506,7.8958,2
2,0,137,1,6.0,1,1,272,15.2458,0
2,0,138,0,9.0,1,1,272,15.2458,0
2,0,139,1,28.0,0,0,257,7.225,0
2,0,140,0,28.0,0,2,272,15.2458,0
2,0,141,0,28.0,0,2,594,7.75,1
2,0,142,1,40.0,1,1,595,15.5,1
2,0,143,0,32.0,1,1,595,15.5,1
2,0,145,1,21.0,0,0,676,16.1,2
2,1,149,0,22.0,0,0,392,7.725,1
2,0,152,0,20.0,0,0,475,7.8542,2
2,0,154,1,29.0,1,0,433,7.0458,2
2,0,155,1,22.0,1,0,718,7.25,2
2,0,157,1,22.0,0,0,553,7.7958,2
2,0,158,1,35.0,0,0,591,8.05,2
2,0,167,0,18.5,0,0,370,7.2833,1
2,1,168,1,21.0,0,0,377,7.8208,1
2,0,170,1,19.0,0,0,601,6.75,1
2,0,172,0,18.0,0,0,385,7.8792,1
2,0,178,0,21.0,0,0,350,8.6625,2
2,0,179,0,30.0,0,0,347,8.6625,2
2,0,180,1,18.0,0,0,354,8.6625,2
2,0,181,1,38.0,0,0,352,8.6625,2
2,0,187,1,17.0,0,0,356,8.6625,2
2,0,188,1,17.0,0,0,349,8.6625,2
2,0,191,0,21.0,0,0,593,7.75,1
2,0,192,1,21.0,0,0,599,7.75,1
2,0,194,1,21.0,0,0,704,8.05,2
2,0,195,1,28.0,1,0,283,14.4583,0
2,0,196,0,28.0,1,0,283,14.4583,0
2,0,200,1,28.0,0,0,551,7.7958,2
2,0,201,1,24.0,0,0,568,7.8542,2
2,1,203,0,16.0,0,0,612,7.75,1
2,0,204,0,37.0,0,0,616,7.75,1
2,0,213,1,28.0,0,0,666,7.25,2
2,0,218,1,24.0,0,0,410,8.05,2
2,0,226,1,21.0,0,0,730,7.7333,1
2,1,231,1,32.0,0,0,103,56.4958,2
2,0,233,1,29.0,0,0,411,8.05,2
2,0,236,1,26.0,1,0,274,14.4542,0
2,0,237,1,18.0,1,0,274,14.4542,0
2,0,244,1,20.0,0,0,874,7.05,2
2,1,245,1,18.0,0,0,726,8.05,2
2,0,246,1,24.0,0,0,643,7.25,1
2,0,247,1,36.0,0,0,492,7.4958,2
2,0,248,1,24.0,0,0,491,7.4958,2
2,0,259,1,31.0,0,0,131,7.7333,1
2,0,260,1,31.0,0,0,394,7.75,1
2,1,261,0,22.0,0,0,637,7.75,1
2,0,261,0,30.0,0,0,388,7.6292,1
2,0,262,1,70.5,0,0,633,7.75,1
2,0,263,1,43.0,0,0,725,8.05,2
2,0,265,1,35.0,0,0,512,7.8958,2
2,0,266,1,27.0,0,0,511,7.8958,2
2,0,267,1,19.0,0,0,513,7.8958,2
2,0,270,1,30.0,0,0,894,8.05,2
2,1,273,1,9.0,1,1,767,15.9,2
2,1,274,1,3.0,1,1,767,15.9,2
2,1,275,0,36.0,0,2,767,15.9,2
2,0,276,1,59.0,0,0,588,7.25,2
2,0,278,1,19.0,0,0,847,8.1583,2
2,1,279,0,17.0,0,1,645,16.1,2
2,0,280,1,44.0,0,1,645,16.1,2
2,0,284,1,17.0,0,0,353,8.6625,2
2,0,288,1,22.5,0,0,292,7.225,0
2,1,289,1,45.0,0,0,697,8.05,2
2,0,290,0,22.0,0,0,695,10.5167,2
2,0,291,1,19.0,0,0,510,10.1708,2
2,1,292,0,30.0,0,0,655,6.95,1
2,1,293,1,29.0,0,0,656,7.75,1
2,0,295,1,0.33,0,2,456,14.4,2
2,0,296,1,34.0,1,1,456,14.4,2
2,0,297,0,28.0,1,1,456,14.4,2
2,0,300,1,27.0,0,0,501,7.8958,2
2,0,301,1,25.0,0,0,485,7.8958,2
2,0,305,1,24.0,2,0,712,24.15,2
2,0,307,1,22.0,0,0,852,8.05,2
2,0,308,1,21.0,2,0,712,24.15,2
2,0,309,1,17.0,2,0,713,8.05,2
2,0,312,1,28.0,1,0,663,16.1,2
2,1,313,0,28.0,1,0,663,16.1,2
2,1,1294,1,36.5,1,0,415,17.4,2
2,1,1295,0,36.0,1,0,415,17.4,2
2,1,1296,1,30.0,0,0,425,9.5,2
2,0,1297,1,16.0,0,0,428,9.5,2
2,1,315,1,1.0,1,2,748,20.575,2
2,1,316,0,0.17,1,2,748,20.575,2
2,0,317,1,26.0,1,2,748,20.575,2
2,1,318,0,33.0,1,2,748,20.575,2
2,0,319,1,25.0,0,0,532,7.8958,2
2,0,320,1,28.0,0,0,520,7.8958,2
2,0,322,1,28.0,0,0,507,7.8958,2
2,0,323,1,22.0,0,0,719,7.25,2
2,0,324,1,36.0,0,0,722,7.25,2
2,1,325,0,19.0,0,0,383,7.8792,1
2,0,329,1,17.0,0,0,514,7.8958,2
2,0,330,1,42.0,0,0,351,8.6625,2
2,0,331,1,43.0,0,0,508,7.8958,2
2,0,335,1,28.0,0,0,280,7.2292,0
2,0,338,1,32.0,0,0,640,7.75,1
2,1,339,1,19.0,0,0,729,8.05,2
2,1,343,0,30.0,0,0,592,12.475,2
2,0,345,0,24.0,0,0,622,7.75,1
2,1,346,0,23.0,0,0,891,8.05,2
2,0,347,1,33.0,0,0,523,7.8958,0
2,0,351,1,65.0,0,0,398,7.75,1
2,1,355,1,24.0,0,0,844,7.55,2
2,0,358,1,23.0,1,0,448,13.9,2
2,1,359,0,22.0,1,0,448,13.9,2
2,0,361,1,18.0,0,0,543,7.775,2
2,0,363,1,16.0,0,0,450,7.775,2
2,0,364,1,45.0,0,0,437,6.975,2
2,0,365,1,28.0,0,0,268,7.225,0
2,0,366,1,39.0,0,2,269,7.2292,0
2,0,367,1,17.0,1,1,284,7.2292,0
2,0,368,1,15.0,1,1,289,7.2292,0
2,0,369,1,47.0,0,0,728,7.25,2
2,1,370,0,5.0,0,0,592,12.475,2
2,0,371,1,28.0,0,0,237,7.225,0
2,0,376,1,40.5,0,0,771,15.1,2
2,0,378,1,40.5,0,0,613,7.75,1
2,1,383,1,28.0,0,0,875,7.05,2
2,0,384,1,18.0,0,0,550,7.7958,2
2,0,386,0,28.0,0,0,600,7.75,1
2,0,388,1,28.0,0,0,597,7.75,1
2,0,389,1,28.0,0,0,615,6.95,1
2,0,391,1,26.0,0,0,374,7.8792,1
2,0,392,1,28.0,0,0,603,7.75,1
2,1,393,1,28.0,0,0,103,56.4958,2
2,0,394,0,21.0,2,2,922,34.375,2
2,0,395,0,9.0,2,2,922,34.375,2
2,0,396,1,28.0,0,0,717,8.05,2
2,0,397,1,18.0,2,2,922,34.375,2
2,0,398,1,16.0,1,3,922,34.375,2
2,0,399,0,48.0,1,3,922,34.375,2
2,0,407,1,28.0,0,0,618,7.75,1
2,0,410,1,28.0,0,0,880,7.25,2
2,0,426,1,25.0,0,0,619,7.7417,1
2,0,427,1,28.0,0,0,576,14.5,2
2,0,433,1,28.0,0,0,536,7.8958,0
2,0,441,1,22.0,0,0,102,8.05,2
2,1,444,0,16.0,0,0,574,7.7333,1
2,1,446,0,28.0,0,0,396,7.75,1
2,1,450,1,9.0,0,2,582,20.525,2
2,0,451,1,33.0,1,1,582,20.525,2
2,0,452,1,41.0,0,0,871,7.85,2
2,1,453,0,31.0,1,1,582,20.525,2
2,0,454,1,38.0,0,0,873,7.05,2
2,0,455,1,9.0,5,2,773,46.9,2
2,0,456,1,1.0,5,2,773,46.9,2
2,0,457,1,11.0,5,2,773,46.9,2
2,0,458,0,10.0,5,2,773,46.9,2
2,0,459,0,16.0,5,2,773,46.9,2
2,0,460,1,14.0,5,2,773,46.9,2
2,0,461,1,40.0,1,6,773,46.9,2
2,0,462,0,43.0,1,6,773,46.9,2
2,0,467,1,51.0,0,0,132,8.05,2
2,0,471,1,32.0,0,0,699,8.3625,2
2,0,472,1,28.0,0,0,651,8.05,2
2,0,474,1,20.0,0,0,689,9.8458,2
2,0,475,1,37.0,2,0,330,7.925,2
2,0,476,1,28.0,2,0,331,7.925,2
2,0,477,1,19.0,0,0,445,7.775,2
2,0,478,0,24.0,0,0,518,8.85,2
2,0,479,0,17.0,0,0,737,7.7333,1
2,0,480,1,28.0,1,0,678,19.9667,2
2,0,481,1,28.0,1,0,679,19.9667,2
2,0,482,1,28.0,1,0,911,15.85,2
2,1,483,0,24.0,1,0,911,15.85,2
2,0,487,1,20.0,0,0,421,9.5,2
2,0,488,1,23.5,0,0,287,7.2292,0
2,0,489,1,41.0,2,0,545,14.1083,2
2,0,490,1,26.0,1,0,544,7.8542,2
2,0,491,1,21.0,0,0,546,7.8542,2
2,1,492,0,45.0,1,0,545,14.1083,2
2,0,496,0,28.0,0,0,923,7.55,2
2,0,497,1,25.0,0,0,649,7.25,2
2,0,510,1,28.0,0,0,668,6.8583,1
2,0,513,1,11.0,0,0,293,18.7875,0
2,1,519,0,28.0,0,0,639,7.75,1
2,1,520,1,27.0,0,0,464,6.975,2
2,1,521,1,28.0,0,0,103,56.4958,2
2,0,522,0,18.0,0,0,602,6.75,1
2,1,523,0,26.0,0,0,912,7.925,2
2,0,524,0,23.0,0,0,914,7.925,2
2,1,525,0,22.0,0,0,694,8.9625,2
2,0,526,1,28.0,0,0,525,7.8958,2
2,0,527,0,28.0,0,0,461,7.775,2
2,0,528,0,28.0,0,0,654,7.75,1
2,1,542,0,2.0,0,1,337,12.2875,2
2,1,543,0,22.0,1,1,337,12.2875,2
2,0,552,1,43.0,0,0,742,6.45,2
2,0,553,1,28.0,0,0,741,22.525,2
2,1,557,0,27.0,0,0,913,7.925,2
2,0,559,1,28.0,0,0,641,7.75,1
2,1,561,0,28.0,0,0,703,8.05,2
2,0,567,1,42.0,0,0,478,7.65,2
2,1,569,1,28.0,0,0,434,7.8875,2
2,0,570,1,30.0,0,0,279,7.2292,0
2,0,572,1,28.0,0,0,502,7.8958,2
2,0,573,0,27.0,1,0,909,7.925,2
2,0,574,0,25.0,1,0,910,7.925,2
2,0,577,1,28.0,0,0,483,7.8958,2
2,1,580,1,29.0,0,0,522,7.8958,0
2,1,581,1,21.0,0,0,548,7.7958,2
2,0,582,1,28.0,0,0,872,7.05,2
2,0,587,1,20.0,0,0,557,7.8542,2
2,0,588,1,48.0,0,0,555,7.8542,2
2,0,589,1,17.0,1,0,556,7.0542,2
2,1,590,0,28.0,0,0,101,7.75,1
2,1,592,1,28.0,0,0,681,8.1125,2
2,0,593,1,34.0,0,0,326,6.4958,2
2,1,594,1,26.0,0,0,446,7.775,2
2,0,595,1,22.0,0,0,558,7.7958,2
2,0,596,1,33.0,0,0,691,8.6542,2
2,0,597,1,31.0,0,0,439,7.775,2
2,0,598,1,29.0,0,0,471,7.8542,2
2,1,599,1,4.0,1,1,476,11.1333,2
2,1,600,0,1.0,1,1,476,11.1333,2
2,0,601,1,49.0,0,0,785,0.0,2
2,0,602,1,33.0,0,0,438,7.775,2
2,0,603,1,19.0,0,0,785,0.0,2
2,1,604,0,27.0,0,2,476,11.1333,2
2,0,605,1,28.0,1,2,921,23.45,2
2,0,606,0,28.0,1,2,921,23.45,2
2,0,607,1,28.0,1,2,921,23.45,2
2,0,608,0,28.0,1,2,921,23.45,2
2,0,610,1,23.0,0,0,486,7.8958,2
2,1,611,1,32.0,0,0,571,7.8542,2
2,0,612,1,27.0,0,0,567,7.8542,2
2,0,614,0,20.0,1,0,672,9.825,2
2,0,615,0,21.0,1,0,673,9.825,2
2,1,616,1,32.0,0,0,902,7.925,2
2,0,617,1,17.0,0,0,898,7.125,2
2,0,618,1,21.0,0,0,700,8.4333,2
2,0,621,1,30.0,0,0,528,7.8958,2
2,1,622,1,21.0,0,0,559,7.7958,2
2,0,623,1,33.0,0,0,469,7.8542,2
2,0,624,1,22.0,0,0,561,7.5208,2
2,1,626,0,4.0,0,1,538,13.4167,0
2,1,627,1,39.0,0,1,538,13.4167,0
2,0,628,1,28.0,0,0,294,7.2292,0
2,0,629,1,18.5,0,0,276,7.2292,0
2,0,631,1,28.0,0,0,84,7.75,1
2,0,633,1,28.0,0,0,367,7.25,2
2,1,635,0,28.0,0,0,702,7.75,1
2,1,636,0,28.0,0,0,100,7.75,1
2,0,637,1,34.5,0,0,375,7.8292,1
2,0,637,1,44.0,0,0,584,8.05,2
2,1,639,1,28.0,0,0,624,7.75,1
2,0,643,1,28.0,1,0,253,14.4542,0
2,0,644,0,28.0,1,0,253,14.4542,0
2,0,645,1,28.0,1,0,608,7.75,1
2,0,646,1,28.0,1,0,610,7.75,1
2,0,647,1,28.0,0,0,620,7.7375,1
2,0,650,0,22.0,2,0,363,8.6625,2
2,0,651,1,26.0,2,0,362,8.6625,2
2,1,652,0,4.0,0,2,364,22.025,2
2,1,653,1,29.0,3,1,364,22.025,2
2,1,654,0,26.0,1,1,364,22.025,2
2,0,657,0,1.0,1,1,564,12.1833,2
2,0,658,1,18.0,1,1,563,7.8542,2
2,0,659,0,36.0,0,2,564,12.1833,2
2,0,661,1,28.0,0,0,535,7.8958,0
2,1,662,1,25.0,0,0,247,7.2292,0
2,0,665,1,28.0,0,0,231,7.225,0
2,0,668,0,37.0,0,0,671,9.5875,2
2,0,669,1,28.0,0,0,499,7.8958,2
2,1,670,1,28.0,0,0,103,56.4958,2
2,0,671,1,28.0,0,0,103,56.4958,2
2,1,673,0,22.0,0,0,744,7.25,2
2,0,674,1,28.0,0,0,698,7.75,1
2,1,675,1,26.0,0,0,103,56.4958,2
2,0,680,1,29.0,0,0,692,9.4833,2
2,0,681,1,29.0,0,0,443,7.775,2
2,0,682,1,22.0,0,0,441,7.775,2
2,1,685,1,22.0,0,0,227,7.225,0
2,0,686,1,28.0,3,1,669,25.4667,2
2,0,687,0,28.0,3,1,669,25.4667,2
2,0,688,0,28.0,3,1,669,25.4667,2
2,0,689,0,28.0,3,1,669,25.4667,2
2,0,690,0,28.0,0,4,669,25.4667,2
2,0,692,1,32.0,0,0,906,7.925,2
2,0,694,1,34.5,0,0,277,6.4375,0
2,0,696,0,28.0,1,0,635,15.5,1
2,0,697,1,28.0,1,0,635,15.5,1
2,0,698,1,36.0,0,0,785,0.0,2
2,0,699,1,39.0,0,0,712,24.15,2
2,0,704,1,24.0,0,0,431,9.5,2
2,0,705,0,25.0,0,0,447,7.775,2
2,0,706,0,45.0,0,0,449,7.75,2
2,0,708,1,36.0,1,0,541,15.55,2
2,0,709,0,30.0,1,0,541,15.55,2
2,1,710,1,20.0,1,0,901,7.925,2
2,0,712,1,28.0,0,0,387,7.8792,1
2,0,715,1,28.0,0,0,103,56.4958,2
2,0,717,1,28.0,0,0,841,7.55,2
2,0,718,1,30.0,1,0,732,16.1,2
2,0,719,0,26.0,1,0,732,16.1,2
2,0,720,1,28.0,0,0,82,7.8792,2
2,0,726,1,20.5,0,0,720,7.25,2
2,1,727,1,27.0,0,0,361,8.6625,2
2,0,728,1,51.0,0,0,477,7.0542,2
2,1,729,0,23.0,0,0,473,7.8542,2
2,1,730,1,32.0,0,0,562,7.5792,2
2,0,732,1,28.0,0,0,517,7.8958,2
2,0,733,1,28.0,0,0,768,7.55,2
2,1,735,0,28.0,0,0,634,7.75,1
2,1,737,1,24.0,0,0,740,7.1417,2
2,0,738,1,22.0,0,0,899,7.125,2
2,0,740,0,28.0,0,0,379,7.8792,1
2,0,741,1,28.0,0,0,738,7.75,1
2,0,743,1,28.0,0,0,735,8.05,2
2,0,744,1,29.0,0,0,895,7.925,2
2,1,749,1,28.0,0,0,271,7.2292,0
2,0,750,0,30.5,0,0,596,7.75,1
2,1,752,0,28.0,0,0,621,7.7375,1
2,0,753,1,28.0,0,0,248,7.2292,0
2,0,755,1,35.0,0,0,495,7.8958,0
2,0,756,1,33.0,0,0,539,7.8958,2
2,1,759,0,28.0,0,0,242,7.225,0
2,0,760,1,28.0,0,0,537,7.8958,0
2,1,765,0,28.0,0,0,660,7.75,1
2,1,767,1,28.0,0,0,609,7.75,1
2,1,768,0,28.0,2,0,607,23.25,1
2,1,769,0,28.0,2,0,607,23.25,1
2,1,770,1,28.0,2,0,607,23.25,1
2,1,773,0,28.0,0,0,381,7.7875,1
2,0,774,1,28.0,0,0,605,15.5,1
2,1,776,0,28.0,0,0,380,7.8792,1
2,1,777,0,15.0,0,0,378,8.0292,1
2,0,778,0,35.0,0,0,701,7.75,1
2,0,780,1,28.0,0,0,636,7.75,1
2,0,781,1,24.0,1,0,653,16.1,2
2,0,782,0,19.0,1,0,653,16.1,2
2,0,783,0,28.0,0,0,632,7.75,1
2,0,784,0,28.0,0,0,883,8.05,2
2,0,785,0,28.0,0,0,407,8.05,2
2,0,789,1,55.5,0,0,707,8.05,2
2,0,790,1,28.0,0,0,623,7.75,1
2,1,794,1,21.0,0,0,414,7.775,2
2,0,795,1,28.0,0,0,577,8.05,2
2,0,801,1,24.0,0,0,515,7.8958,2
2,0,802,1,21.0,0,0,493,7.8958,2
2,0,803,1,28.0,0,0,489,7.8958,2
2,0,805,1,28.0,0,0,503,7.8958,2
2,1,807,0,28.0,0,0,390,7.8792,1
2,0,808,1,25.0,0,0,480,7.65,2
2,1,811,1,6.0,0,1,667,12.475,2
2,1,812,0,27.0,0,1,667,12.475,2
2,0,814,1,28.0,0,0,736,8.05,2
2,1,815,0,28.0,1,0,644,24.15,1
2,0,816,1,28.0,1,0,644,24.15,1
2,0,817,1,28.0,0,0,372,8.4583,1
2,0,820,1,34.0,0,0,589,8.05,2
2,0,821,1,28.0,0,0,646,7.75,1
2,1,822,1,28.0,0,0,340,7.775,2
2,1,823,1,28.0,1,1,254,15.2458,0
2,1,824,1,28.0,1,1,254,15.2458,0
2,1,825,0,28.0,0,2,254,15.2458,0
2,1,826,0,28.0,0,0,233,7.2292,0
2,0,827,1,28.0,0,0,648,8.05,2
2,1,829,0,28.0,0,0,575,7.7333,1
2,1,830,0,24.0,0,0,658,7.75,1
2,0,831,1,28.0,0,0,705,8.05,2
2,1,832,0,28.0,1,0,611,15.5,1
2,1,833,0,28.0,1,0,611,15.5,1
2,1,834,0,28.0,0,0,605,15.5,1
2,0,835,1,18.0,0,0,454,7.75,2
2,0,837,1,22.0,0,0,488,7.8958,2
2,1,838,0,15.0,0,0,260,7.225,0
2,1,839,0,1.0,0,2,246,15.7417,0
2,1,840,1,20.0,1,1,246,15.7417,0
2,1,841,0,19.0,1,1,246,15.7417,0
2,0,842,1,33.0,0,0,706,8.05,2
2,0,843,1,28.0,0,0,500,7.8958,2
2,0,844,1,28.0,0,0,245,7.2292,0
2,0,848,0,28.0,0,0,604,7.75,1
2,0,852,1,28.0,0,0,516,7.8958,2
2,1,860,1,12.0,1,0,244,11.2417,0
2,1,861,0,14.0,1,0,244,11.2417,0
2,0,862,0,29.0,0,0,336,7.925,2
2,0,863,1,28.0,0,0,585,8.05,2
2,1,864,0,18.0,0,0,442,7.775,2
2,1,865,0,26.0,0,0,474,7.8542,2
2,0,866,1,21.0,0,0,569,7.8542,2
2,0,867,1,41.0,0,0,884,7.125,2
2,1,868,1,39.0,0,0,904,7.925,2
2,0,870,1,21.0,0,0,716,7.8,2
2,0,872,1,28.5,0,0,291,7.2292,0
2,1,874,0,22.0,0,0,457,7.75,2
2,0,875,1,61.0,0,0,412,6.2375,2
2,0,876,1,28.0,1,0,631,15.5,1
2,0,877,1,28.0,0,0,389,7.8292,1
2,1,878,0,28.0,1,0,631,15.5,1
2,0,879,1,28.0,0,0,391,7.7333,1
2,0,880,1,28.0,0,0,642,7.75,1
2,0,881,1,28.0,0,0,606,7.75,1
2,0,888,1,23.0,0,0,688,9.225,2
2,0,882,0,28.0,0,0,598,7.75,1
2,1,883,0,28.0,0,0,99,7.75,1
2,1,884,0,28.0,0,0,384,7.8792,1
2,1,889,0,22.0,0,0,460,7.775,2
2,1,885,1,28.0,0,0,617,7.75,1
2,1,886,0,28.0,0,0,376,7.8292,1
2,1,891,1,9.0,0,1,739,3.1708,2
2,0,892,1,28.0,0,0,741,22.525,2
2,0,893,1,42.0,0,1,675,8.4042,2
2,0,894,1,28.0,0,0,784,7.3125,2
2,0,895,0,31.0,0,0,566,7.8542,2
2,0,896,1,28.0,0,0,468,7.8542,2
2,1,897,1,32.0,0,0,455,7.775,2
2,0,898,1,20.0,0,0,682,9.225,2
2,0,900,0,23.0,0,0,348,8.6625,2
2,0,901,0,20.0,0,0,359,8.6625,2
2,0,902,1,20.0,0,0,357,8.6625,2
2,0,903,1,16.0,0,0,689,9.2167,2
2,1,904,0,31.0,0,0,526,8.6833,2
2,0,887,0,28.0,0,0,373,7.6292,1
2,0,913,1,2.0,3,1,540,21.075,2
2,0,914,1,6.0,3,1,540,21.075,2
2,0,915,0,3.0,3,1,540,21.075,2
2,0,916,0,8.0,3,1,540,21.075,2
2,0,917,0,29.0,0,4,540,21.075,2
2,0,918,1,1.0,4,1,334,39.6875,2
2,0,919,1,7.0,4,1,334,39.6875,2
2,0,920,1,2.0,4,1,334,39.6875,2
2,0,921,1,16.0,4,1,334,39.6875,2
2,0,922,1,14.0,4,1,334,39.6875,2
2,0,923,0,41.0,0,5,334,39.6875,2
2,0,929,1,21.0,0,0,360,8.6625,2
2,0,930,1,19.0,0,0,576,14.5,2
2,0,931,1,28.0,0,0,400,8.7125,0
2,0,932,1,32.0,0,0,524,7.8958,2
2,0,934,1,0.75,1,1,881,13.775,2
2,0,935,0,3.0,1,1,881,13.775,2
2,0,936,0,26.0,0,2,881,13.775,2
2,0,937,1,28.0,0,0,409,7.0,2
2,0,940,1,28.0,0,0,413,7.775,2
2,0,941,1,28.0,0,0,724,8.05,2
2,0,942,1,21.0,0,0,908,7.925,2
2,0,943,1,25.0,0,0,905,7.925,2
2,0,947,1,22.0,0,0,721,7.25,2
2,1,950,1,25.0,1,0,459,7.775,2
2,1,952,1,28.0,1,1,261,22.3583,0
2,1,953,0,28.0,1,1,261,22.3583,0
2,1,954,0,28.0,0,2,261,22.3583,0
2,0,955,0,28.0,0,0,382,8.1375,1
2,0,956,1,24.0,0,0,403,8.05,2
2,0,957,0,28.0,0,0,527,7.8958,2
2,0,958,1,19.0,0,0,494,7.8958,2
2,0,959,1,28.0,0,0,497,7.8958,2
2,0,960,1,25.0,1,0,452,7.775,2
2,0,961,0,18.0,0,0,462,7.775,2
2,1,966,1,32.0,0,0,882,8.05,2
2,0,968,1,28.0,0,0,509,7.8958,2
2,0,969,1,17.0,0,0,358,8.6625,2
2,0,970,1,24.0,0,0,355,8.6625,2
2,0,979,1,28.0,0,0,505,7.8958,2
2,0,980,0,28.0,0,0,680,8.1125,2
2,0,981,1,28.0,0,0,236,7.2292,0
2,0,982,1,28.0,0,0,580,7.25,2
2,0,984,1,38.0,0,0,531,7.8958,2
2,0,989,1,21.0,0,0,404,8.05,2
2,0,991,1,10.0,4,1,657,29.125,1
2,0,992,1,4.0,4,1,657,29.125,1
2,0,993,1,7.0,4,1,657,29.125,1
2,0,994,1,2.0,4,1,657,29.125,1
2,0,995,1,8.0,4,1,657,29.125,1
2,0,996,0,39.0,0,5,657,29.125,1
2,0,1002,0,22.0,0,0,334,39.6875,2
2,0,1004,1,35.0,0,0,897,7.125,2
2,1,1005,0,28.0,0,0,393,7.7208,1
2,0,1006,1,28.0,0,0,586,14.5,2
2,0,1007,0,28.0,0,0,586,14.5,2
2,0,1010,1,50.0,1,0,733,14.5,2
2,0,1011,0,47.0,1,0,733,14.5,2
2,0,1014,1,28.0,0,0,838,8.05,2
2,0,1016,1,28.0,0,0,342,7.775,2
2,0,1018,0,2.0,1,1,630,20.2125,2
2,0,1019,1,18.0,1,1,630,20.2125,2
2,0,1020,0,41.0,0,2,630,20.2125,2
2,1,1024,0,28.0,0,0,405,8.05,2
2,0,1028,1,50.0,0,0,727,8.05,2
2,0,1031,1,16.0,0,0,714,8.05,2
2,1,1032,1,28.0,0,0,661,7.75,1
2,0,1033,1,28.0,0,0,644,24.15,1
2,0,1039,1,28.0,0,0,265,7.2292,0
2,0,1040,1,25.0,0,0,266,7.225,0
2,0,1041,1,28.0,0,0,270,7.225,0
2,0,1043,1,28.0,0,0,614,7.7292,1
2,0,1044,1,28.0,0,0,786,7.575,2
2,0,1045,1,38.5,0,0,870,7.25,2
2,0,1046,1,28.0,8,2,776,69.55,2
2,0,1047,1,14.5,8,2,776,69.55,2
2,0,1048,0,28.0,8,2,776,69.55,2
2,0,1049,0,28.0,8,2,776,69.55,2
2,0,1050,0,28.0,8,2,776,69.55,2
2,0,1051,0,28.0,8,2,776,69.55,2
2,0,1052,1,28.0,8,2,776,69.55,2
2,0,1053,1,28.0,8,2,776,69.55,2
2,0,1054,1,28.0,8,2,776,69.55,2
2,0,1055,1,28.0,1,9,776,69.55,2
2,0,1056,0,28.0,1,9,776,69.55,2
2,0,1058,1,24.0,0,0,687,9.325,2
2,1,1059,0,21.0,0,0,408,7.65,2
2,0,1061,1,39.0,0,0,335,7.925,2
2,0,1062,1,28.0,2,0,255,21.6792,0
2,0,1063,1,28.0,2,0,255,21.6792,0
2,0,1064,1,28.0,2,0,255,21.6792,0
2,1,1065,0,1.0,1,1,837,16.7,2
2,1,1067,0,24.0,0,2,837,16.7,2
2,1,1066,0,4.0,1,1,837,16.7,2
2,1,1068,1,25.0,0,0,420,9.5,2
2,0,1069,1,20.0,0,0,731,8.05,2
2,0,1070,1,24.5,0,0,406,8.05,2
2,0,1071,1,28.0,0,0,579,7.725,1
2,0,1074,1,28.0,0,0,504,7.8958,2
2,0,1079,1,28.0,0,0,638,7.75,1
2,1,1080,1,29.0,0,0,429,9.5,2
2,0,1081,1,28.0,0,0,771,15.1,2
2,1,1083,0,28.0,0,0,386,7.7792,1
2,0,1084,1,28.0,0,0,650,8.05,2
2,0,1090,1,28.0,0,0,890,8.05,2
2,0,1094,1,22.0,0,0,262,7.2292,0
2,0,1095,1,28.0,0,0,665,8.05,2
2,0,1096,1,40.0,0,0,533,7.8958,2
2,0,1097,1,21.0,0,0,900,7.925,2
2,1,1098,0,18.0,0,0,327,7.4958,2
2,0,1100,1,4.0,3,2,463,27.9,2
2,0,1101,1,10.0,3,2,463,27.9,2
2,0,1102,0,9.0,3,2,463,27.9,2
2,0,1103,0,2.0,3,2,463,27.9,2
2,0,1104,1,40.0,1,4,463,27.9,2
2,0,1105,0,45.0,1,4,463,27.9,2
2,0,1106,1,28.0,0,0,496,7.8958,2
2,0,1109,1,28.0,0,0,892,8.05,2
2,0,1112,1,28.0,0,0,344,8.6625,2
2,0,1117,1,28.0,0,0,662,7.75,1
2,1,1119,0,28.0,0,0,395,7.7333,1
2,0,1123,1,19.0,0,0,481,7.65,2
2,0,1124,1,30.0,0,0,708,8.05,2
2,0,1125,1,28.0,0,0,709,8.05,2
2,0,1131,1,32.0,0,0,915,8.05,2
2,0,1133,1,28.0,0,0,490,7.8958,2
2,0,1134,1,33.0,0,0,521,8.6625,0
2,1,1135,0,23.0,0,0,775,7.55,2
2,0,1136,1,21.0,0,0,711,8.05,2
2,0,1144,1,19.0,0,0,487,7.8958,2
2,0,1145,0,22.0,0,0,696,9.8375,2
2,1,1146,1,31.0,0,0,903,7.925,2
2,0,1149,1,27.0,0,0,346,8.6625,2
2,0,1150,0,2.0,0,1,435,10.4625,2
2,0,1151,0,29.0,1,1,435,10.4625,2
2,1,1152,1,16.0,0,0,893,8.05,2
2,1,1153,1,44.0,0,0,896,7.925,2
2,0,1154,1,25.0,0,0,889,7.05,2
2,0,1156,1,74.0,0,0,436,7.775,2
2,1,1157,1,14.0,0,0,690,9.225,2
2,0,1158,1,24.0,0,0,549,7.7958,2
2,1,1167,1,25.0,0,0,547,7.7958,2
2,0,1171,1,34.0,0,0,583,8.05,2
2,1,1172,1,0.42,0,1,232,8.5167,0
2,0,1173,1,28.0,1,0,228,6.4375,0
2,0,1174,1,28.0,0,0,275,6.4375,0
2,0,1175,1,28.0,0,0,278,7.225,0
2,1,1176,0,16.0,1,1,232,8.5167,0
2,0,1177,1,28.0,0,0,366,8.05,2
2,0,1179,1,28.0,1,0,652,16.1,2
2,1,1180,0,28.0,1,0,652,16.1,2
2,0,1181,1,32.0,0,0,907,7.925,2
2,0,1182,1,28.0,0,0,659,7.75,1
2,0,1183,1,28.0,0,0,498,7.8958,2
2,0,1184,1,30.5,0,0,587,8.05,2
2,0,1186,1,44.0,0,0,590,8.05,2
2,0,1187,1,28.0,0,0,267,7.2292,0
2,1,1188,1,25.0,0,0,785,0.0,2
2,0,1189,1,28.0,0,0,239,7.2292,0
2,1,1190,1,7.0,1,1,243,15.2458,0
2,1,1191,0,9.0,1,1,243,15.2458,0
2,1,1192,0,29.0,0,2,243,15.2458,0
2,0,1197,1,36.0,0,0,529,7.8958,2
2,1,1198,0,18.0,0,0,674,9.8417,2
2,1,1199,0,63.0,0,0,670,9.5875,2
2,0,1300,1,28.0,1,1,734,14.5,2
2,0,1301,1,11.5,1,1,734,14.5,2
2,0,1302,1,40.5,0,2,734,14.5,2
2,0,1203,0,10.0,0,2,424,24.15,2
2,0,1204,1,36.0,1,1,424,24.15,2
2,0,1205,0,30.0,1,1,424,24.15,2
2,0,1303,1,28.0,0,0,427,9.5,2
2,0,1207,1,33.0,0,0,430,9.5,2
2,0,1208,1,28.0,0,0,422,9.5,2
2,0,1209,1,28.0,0,0,432,9.5,2
2,0,1210,1,47.0,0,0,418,9.0,2
2,0,1211,0,18.0,2,0,417,18.0,2
2,0,1212,1,31.0,3,0,416,18.0,2
2,0,1213,1,16.0,2,0,417,18.0,2
2,0,1214,0,31.0,1,0,416,18.0,2
2,1,1215,1,22.0,0,0,251,7.225,0
2,0,1217,1,20.0,0,0,570,7.8542,2
2,0,1218,0,14.0,0,0,565,7.8542,2
2,0,1219,1,22.0,0,0,534,7.8958,2
2,0,1220,1,22.0,0,0,419,9.0,2
2,0,1224,1,28.0,0,0,578,8.05,2
2,0,1228,1,28.0,0,0,769,7.55,2
2,0,1235,1,28.0,0,0,887,8.05,2
2,0,1242,1,32.5,0,0,426,9.5,2
2,1,1247,0,38.0,0,0,282,7.2292,0
2,0,1256,1,51.0,0,0,440,7.75,2
2,0,1260,1,18.0,1,0,329,6.4958,2
2,0,1261,1,21.0,1,0,328,6.4958,2
2,1,1263,0,47.0,1,0,581,7.0,2
2,0,1265,1,28.0,0,0,399,8.7125,2
2,0,1266,1,28.0,0,0,843,7.55,2
2,0,1269,1,28.0,0,0,723,8.05,2
2,0,1270,1,28.5,0,0,676,16.1,2
2,0,1274,1,21.0,0,0,888,7.25,2
2,0,1275,1,27.0,0,0,365,8.6625,2
2,0,1276,1,28.0,0,0,715,7.25,2
2,0,1277,1,36.0,0,0,423,9.5,2
2,0,1281,1,27.0,1,0,252,14.4542,0
2,1,1282,0,15.0,1,0,252,14.4542,0
2,0,1284,1,45.5,0,0,235,7.225,0
2,0,1285,1,28.0,0,0,240,7.225,0
2,0,1286,1,28.0,0,0,234,14.4583,0
2,0,1288,0,14.5,1,0,258,14.4542,0
2,0,1289,0,28.0,1,0,258,14.4542,0
2,0,1290,1,26.5,0,0,249,7.225,0
2,0,1291,1,27.0,0,0,263,7.225,0
2,0,1292,1,29.0,0,0,345,7.875,2
